<?xml version="1.0" encoding="UTF-8"?>
<MF0 version="1.1" packageUris="http://schema.mathworks.com/mf0/ci/19700101 http://schema.mathworks.com/mf0/sl_modelref_info/R2025a http://schema.mathworks.com/mf0/slexec_mm_sto/R2025a_202404151030 http://schema.mathworks.com/mf0/sltp_mm/R2025a_202406271200">
  <ModelRefInfoRepo.ModelRefInfoRoot type="ModelRefInfoRepo.ModelRefInfoRoot" uuid="3673225c-14f4-40ee-9c93-829b69ec3095">
    <childModelRefInfo type="ModelRefInfoRepo.ChildModelRefInfo" uuid="d425b342-12e1-4fe4-a6d7-1e0cf8165b7a">
      <modelName>ScpAp_SafetyModeManager</modelName>
      <modelPath>ScpAp_SafetyModeManager</modelPath>
    </childModelRefInfo>
    <compDerivCacheNeedsReset>false</compDerivCacheNeedsReset>
    <compZcCacheNeedsReset>false</compZcCacheNeedsReset>
    <compiledTFinal>10.0</compiledTFinal>
    <containsInitResetTermSampleTimes>true</containsInitResetTermSampleTimes>
    <dataDictionary>EgasPOC.sldd</dataDictionary>
    <dataDictionarySet>EgasPOC.sldd</dataDictionarySet>
    <dataSourceInfo type="ModelRefInfoRepo.DataSourceInfo" uuid="795f2adf-d212-4e7c-b689-573d38d300bc">
      <dataSources type="ModelRefInfoRepo.SourceInfo" uuid="ae9fabdb-061d-46f5-8c85-fabb62401723">
        <includeAllSections>true</includeAllSections>
        <sourceName>EgasPOC.sldd</sourceName>
        <type>DataDictionary</type>
      </dataSources>
      <dataSources type="ModelRefInfoRepo.SourceInfo" uuid="42d3f409-6246-4750-8036-96e229ae5372">
        <includeAllSections>true</includeAllSections>
        <sourceName>base workspace</sourceName>
        <type>BaseWorkspace</type>
      </dataSources>
      <modelName>ScpAp_SafetyModeManager</modelName>
    </dataSourceInfo>
    <dataTransferInfos>AAFJTQAAAAAOAAAAOAAAAAYAAAAIAAAAAgAAAAAAAAAFAAAACAAAAAAAAAABAAAAAQAAAAAAAAAFAAQAAQAAAAEAAAAAAAAA</dataTransferInfos>
    <fastestNoncontSigFeedingDerivPorts>-1.0</fastestNoncontSigFeedingDerivPorts>
    <fundamentalSampleTimePeriod>.02</fundamentalSampleTimePeriod>
    <hasBlockWithPeriodicDiscreteSampleTime>true</hasBlockWithPeriodicDiscreteSampleTime>
    <hasBwsAccessed>true</hasBwsAccessed>
    <hasInlineVariantBlock>true</hasInlineVariantBlock>
    <hasNonVirtualConstantTs>true</hasNonVirtualConstantTs>
    <inports type="ModelRefInfoRepo.InportInformation" uuid="3d4aa1ce-c331-4779-9b3f-c02fdd7e7558">
      <isNotDerivPort>true</isNotDerivPort>
      <designMax>inf</designMax>
      <designMin>-inf</designMin>
      <indexType>2</indexType>
      <rateInfos type="ModelRefInfoRepo.RateInfo">
        <compiled>true</compiled>
        <nonFcnCallPartitionName>D1</nonFcnCallPartitionName>
        <period>.02</period>
        <priority>40</priority>
        <rateIdx>0</rateIdx>
      </rateInfos>
      <resolvedSignalObject></resolvedSignalObject>
      <trueHiers>0</trueHiers>
      <executionInterface type="ModelRefInfoRepo.InputExecutionInterface" uuid="4c15a36b-34ad-4dc4-b682-d8c499ba7e57"/>
      <sigNameToEMVCEMap type="ModelRefInfoRepo.SigNameEMVCEInfo" uuid="7adaf10f-5923-4fb7-b621-592dab05908e"/>
    </inports>
    <isBdInSimModeForSimCodegenVariants>false</isBdInSimModeForSimCodegenVariants>
    <isInlineParamsOn>true</isInlineParamsOn>
    <isOrigInportVirtualBus>false</isOrigInportVirtualBus>
    <isOrigOutportVirtualBus>false</isOrigOutportVirtualBus>
    <isOrigOutportVirtualBus>false</isOrigOutportVirtualBus>
    <loggingSaveFormat>6</loggingSaveFormat>
    <maxFreqHz>-1.0</maxFreqHz>
    <numDataInputPorts>1</numDataInputPorts>
    <numLoggableJacobianDStates>0</numLoggableJacobianDStates>
    <numSigs>1</numSigs>
    <origInportBusType></origInportBusType>
    <origOutportBusOutputAsStruct>false</origOutportBusOutputAsStruct>
    <origOutportBusOutputAsStruct>false</origOutportBusOutputAsStruct>
    <origOutportBusType></origOutportBusType>
    <origOutportBusType></origOutportBusType>
    <outports type="ModelRefInfoRepo.OutportInformation" uuid="933e3528-f55f-42ae-9aa8-6053608095cc">
      <designMax>inf</designMax>
      <designMin>-inf</designMin>
      <indexType>2</indexType>
      <rateInfos type="ModelRefInfoRepo.RateInfo">
        <compiled>true</compiled>
        <nonFcnCallPartitionName>D1</nonFcnCallPartitionName>
        <period>.02</period>
        <priority>40</priority>
        <rateIdx>0</rateIdx>
      </rateInfos>
      <resolvedSignalObject></resolvedSignalObject>
      <trueHiers>0</trueHiers>
      <executionInterface type="ModelRefInfoRepo.OutputExecutionInterface" uuid="61b7a803-b075-49ff-a279-fb9abfc3a991"/>
      <sigNameToEMVCEMap type="ModelRefInfoRepo.SigNameEMVCEInfo" uuid="66cdca27-e536-4006-9d06-e3e33e0f43df"/>
    </outports>
    <outports type="ModelRefInfoRepo.OutportInformation" uuid="886c573b-f74d-492b-bb43-998463ff416c">
      <designMax>inf</designMax>
      <designMin>-inf</designMin>
      <indexType>2</indexType>
      <originalPortNumber>1</originalPortNumber>
      <rateInfos type="ModelRefInfoRepo.RateInfo">
        <compiled>true</compiled>
        <nonFcnCallPartitionName>D1</nonFcnCallPartitionName>
        <period>.02</period>
        <priority>40</priority>
        <rateIdx>0</rateIdx>
      </rateInfos>
      <resolvedSignalObject></resolvedSignalObject>
      <trueHiers>0</trueHiers>
      <executionInterface type="ModelRefInfoRepo.OutputExecutionInterface" uuid="e46c3d9e-adf9-4f5a-9731-62a049f2a9f3"/>
      <sigNameToEMVCEMap type="ModelRefInfoRepo.SigNameEMVCEInfo" uuid="b603ec1f-b172-49cd-b905-256abd8c8417"/>
    </outports>
    <removeResetFunc>true</removeResetFunc>
    <runtimeNonFcnCallRateInfos type="ModelRefInfoRepo.RateInfo">
      <compiled>true</compiled>
      <nonFcnCallPartitionName>D1</nonFcnCallPartitionName>
      <period>.02</period>
      <priority>40</priority>
      <rateIdx>0</rateIdx>
    </runtimeNonFcnCallRateInfos>
    <sampleTimeInheritanceRule>2</sampleTimeInheritanceRule>
    <solverStatusFlags>323</solverStatusFlags>
    <standaloneEnumInfos type="ModelRefInfoRepo.StandaloneEnumInfo" uuid="7c81871e-6582-411d-a7b6-5483baf44d96">
      <defaultValue>NORMAL</defaultValue>
      <enumName>VechSafetyStatus_L2p_IDT</enumName>
      <labels>NORMAL</labels>
      <labels>DEGRADED</labels>
      <labels>FAULT_STOP</labels>
      <storageType>uint8</storageType>
      <values>0</values>
      <values>1</values>
      <values>3</values>
    </standaloneEnumInfos>
    <standaloneEnumInfos type="ModelRefInfoRepo.StandaloneEnumInfo" uuid="b9b490ef-4cc1-4f1c-832a-711e7ef1129b">
      <defaultValue>AUTONOMOUS</defaultValue>
      <enumName>SafetyMode_L2p_IDT</enumName>
      <labels>AUTONOMOUS</labels>
      <labels>MANUAL</labels>
      <labels>TELEOPS</labels>
      <storageType>uint8</storageType>
      <values>1</values>
      <values>0</values>
      <values>3</values>
    </standaloneEnumInfos>
    <timingAndTaskingRegistry>&lt;?xml version=&quot;1.0&quot;?&gt;
&lt;slexec_sto version=&quot;1.1&quot; packageUris=&quot;http://schema.mathworks.com/mf0/slexec_mm_sto/R2025a_202404151030&quot;&gt;
  &lt;sto.Registry type=&quot;sto.Registry&quot; uuid=&quot;555ba9a8-bfff-4fa1-b795-fd0556897972&quot;&gt;
    &lt;executionSpec&gt;Undetermined&lt;/executionSpec&gt;
    &lt;identifier&gt;ScpAp_SafetyModeManager&lt;/identifier&gt;
    &lt;clockRegistry type=&quot;sto.ClockRegistry&quot; uuid=&quot;45874a75-13fe-465d-ab5c-f3d35e4dfa37&quot;&gt;
      &lt;clocks type=&quot;sto.Timer&quot; uuid=&quot;4d3389e7-61fe-43a4-85d9-5016c0ae4f99&quot;&gt;
        &lt;computedFundamentalDiscretePeriod&gt;.02&lt;/computedFundamentalDiscretePeriod&gt;
        &lt;fastestDiscreteRate type=&quot;sto.ClassicPeriodicDiscreteRate&quot; uuid=&quot;499dea6c-8f4a-4d17-8811-0e61d416af0b&quot;/&gt;
        &lt;isDefaultTimer&gt;true&lt;/isDefaultTimer&gt;
        &lt;resolution&gt;.02&lt;/resolution&gt;
        &lt;timeAdvanceMode&gt;FixedStep&lt;/timeAdvanceMode&gt;
        &lt;identifier&gt;ScpAp_SafetyModeManager::defaultTimer&lt;/identifier&gt;
        &lt;rates type=&quot;sto.ClassicPeriodicDiscreteRate&quot; uuid=&quot;499dea6c-8f4a-4d17-8811-0e61d416af0b&quot;&gt;
          &lt;annotation&gt;D1&lt;/annotation&gt;
          &lt;clockId&gt;ScpAp_SafetyModeManager::defaultTimer&lt;/clockId&gt;
          &lt;description&gt;Discrete 1&lt;/description&gt;
          &lt;taskId&gt;_task0&lt;/taskId&gt;
          &lt;rateSpec type=&quot;sto.RateSpec&quot; uuid=&quot;08799461-3e15-44a0-8766-dc14a9c47923&quot;&gt;
            &lt;period&gt;.02&lt;/period&gt;
            &lt;rateType&gt;ClassicPeriodicDiscrete&lt;/rateType&gt;
          &lt;/rateSpec&gt;
        &lt;/rates&gt;
        &lt;baseRate type=&quot;sto.ClassicPeriodicDiscreteRate&quot; uuid=&quot;49e026ba-0cf3-4db2-af67-8da9fb4ea878&quot;&gt;
          &lt;annotation&gt;D1&lt;/annotation&gt;
          &lt;clockId&gt;ScpAp_SafetyModeManager::defaultTimer&lt;/clockId&gt;
          &lt;description&gt;Discrete 1&lt;/description&gt;
          &lt;taskId&gt;_task0&lt;/taskId&gt;
          &lt;rateSpec type=&quot;sto.RateSpec&quot; uuid=&quot;77a7e0b0-60d0-4024-bbb7-b83c0928854e&quot;&gt;
            &lt;period&gt;.02&lt;/period&gt;
            &lt;rateType&gt;ClassicPeriodicDiscrete&lt;/rateType&gt;
          &lt;/rateSpec&gt;
        &lt;/baseRate&gt;
      &lt;/clocks&gt;
      &lt;clocks type=&quot;sto.Event&quot; uuid=&quot;42e34fb8-73aa-4cae-a62b-4b119885d0e9&quot;&gt;
        &lt;eventType&gt;POWER_UP_EVENT&lt;/eventType&gt;
        &lt;cNum&gt;1&lt;/cNum&gt;
        &lt;clockType&gt;Event&lt;/clockType&gt;
        &lt;identifier&gt;Init&lt;/identifier&gt;
        &lt;rates type=&quot;sto.ModelWideEventRate&quot; uuid=&quot;9add2f5a-14c1-4b39-9593-d1687a35fe3f&quot;&gt;
          &lt;annotation&gt;IE&lt;/annotation&gt;
          &lt;clockId&gt;Init&lt;/clockId&gt;
          &lt;colorIndex&gt;-1&lt;/colorIndex&gt;
          &lt;description&gt;Initialize&lt;/description&gt;
          &lt;rateIdx&gt;1&lt;/rateIdx&gt;
          &lt;taskId&gt;Init.ModelWideInitializeEvent&lt;/taskId&gt;
          &lt;rateSpec type=&quot;sto.RateSpec&quot; uuid=&quot;3da25c70-eeee-4de8-957f-9b67fe205679&quot;&gt;
            &lt;offset&gt;1.0&lt;/offset&gt;
            &lt;period&gt;inf&lt;/period&gt;
            &lt;rateType&gt;ModelWideInitializeEvent&lt;/rateType&gt;
          &lt;/rateSpec&gt;
        &lt;/rates&gt;
      &lt;/clocks&gt;
      &lt;clocks type=&quot;sto.Event&quot; uuid=&quot;dc71a674-a140-4c83-8821-90b003fcf0b2&quot;&gt;
        &lt;eventType&gt;PARAMETER_CHANGE_EVENT&lt;/eventType&gt;
        &lt;cNum&gt;2&lt;/cNum&gt;
        &lt;clockType&gt;Event&lt;/clockType&gt;
        &lt;identifier&gt;ParameterChangeEvent&lt;/identifier&gt;
        &lt;rates type=&quot;sto.ModelWideEventRate&quot; uuid=&quot;f6d8eafc-6c39-4413-a176-92eecc6389a0&quot;&gt;
          &lt;clockId&gt;ParameterChangeEvent&lt;/clockId&gt;
          &lt;rateIdx&gt;-1&lt;/rateIdx&gt;
          &lt;taskId&gt;ModelWideParameterChangeEvent&lt;/taskId&gt;
          &lt;useForExecution&gt;NotForExecution&lt;/useForExecution&gt;
          &lt;rateSpec type=&quot;sto.RateSpec&quot; uuid=&quot;a6167ee0-68c0-4efb-a8a6-d4a807abdf38&quot;&gt;
            &lt;period&gt;inf&lt;/period&gt;
            &lt;rateType&gt;ModelWideParameterChangeEvent&lt;/rateType&gt;
          &lt;/rateSpec&gt;
        &lt;/rates&gt;
      &lt;/clocks&gt;
      &lt;timeAdvanceMode&gt;FixedStep&lt;/timeAdvanceMode&gt;
    &lt;/clockRegistry&gt;
    &lt;taskRegistry type=&quot;sto.TaskRegistry&quot; uuid=&quot;6e0a5981-509f-4e85-9b1a-d3c6d4ad11b8&quot;&gt;
      &lt;rootTaskHierarchyElements type=&quot;sto.Task&quot; uuid=&quot;485e3117-643d-42e7-883b-158dc1b8ba3e&quot;&gt;
        &lt;isExplicit&gt;true&lt;/isExplicit&gt;
        &lt;rates type=&quot;sto.ModelWideEventRate&quot; uuid=&quot;9662797a-369d-447b-9dcd-b074c98a7bd7&quot;&gt;
          &lt;clockId&gt;ParameterChangeEvent&lt;/clockId&gt;
          &lt;rateIdx&gt;-1&lt;/rateIdx&gt;
          &lt;taskId&gt;ModelWideParameterChangeEvent&lt;/taskId&gt;
          &lt;useForExecution&gt;NotForExecution&lt;/useForExecution&gt;
          &lt;rateSpec type=&quot;sto.RateSpec&quot; uuid=&quot;859359a3-5e51-4a2c-96b5-622a67e1bc4d&quot;&gt;
            &lt;period&gt;inf&lt;/period&gt;
            &lt;rateType&gt;ModelWideParameterChangeEvent&lt;/rateType&gt;
          &lt;/rateSpec&gt;
        &lt;/rates&gt;
        &lt;schedulingClockId&gt;ParameterChangeEvent&lt;/schedulingClockId&gt;
        &lt;timeKeeperClockId&gt;ScpAp_SafetyModeManager::defaultTimer&lt;/timeKeeperClockId&gt;
        &lt;elementType&gt;Task&lt;/elementType&gt;
        &lt;identifier&gt;ModelWideParameterChangeEvent&lt;/identifier&gt;
        &lt;priority&gt;-1&lt;/priority&gt;
      &lt;/rootTaskHierarchyElements&gt;
      &lt;rootTaskHierarchyElements type=&quot;sto.Task&quot; uuid=&quot;f1ae1094-5e39-4c17-8a0f-8a3d46235adf&quot;&gt;
        &lt;isExecutable&gt;true&lt;/isExecutable&gt;
        &lt;isExplicit&gt;true&lt;/isExplicit&gt;
        &lt;rates type=&quot;sto.ModelWideEventRate&quot; uuid=&quot;8c00ac27-32ef-47c8-9268-f168e31cb9ed&quot;&gt;
          &lt;annotation&gt;IE&lt;/annotation&gt;
          &lt;clockId&gt;Init&lt;/clockId&gt;
          &lt;colorIndex&gt;-1&lt;/colorIndex&gt;
          &lt;description&gt;Initialize&lt;/description&gt;
          &lt;rateIdx&gt;1&lt;/rateIdx&gt;
          &lt;taskId&gt;Init.ModelWideInitializeEvent&lt;/taskId&gt;
          &lt;rateSpec type=&quot;sto.RateSpec&quot; uuid=&quot;9c8cdd63-de92-448e-9170-f92892b5d820&quot;&gt;
            &lt;offset&gt;1.0&lt;/offset&gt;
            &lt;period&gt;inf&lt;/period&gt;
            &lt;rateType&gt;ModelWideInitializeEvent&lt;/rateType&gt;
          &lt;/rateSpec&gt;
        &lt;/rates&gt;
        &lt;schedulingClockId&gt;Init&lt;/schedulingClockId&gt;
        &lt;tNum&gt;1&lt;/tNum&gt;
        &lt;timeKeeperClockId&gt;ScpAp_SafetyModeManager::defaultTimer&lt;/timeKeeperClockId&gt;
        &lt;elementType&gt;Task&lt;/elementType&gt;
        &lt;identifier&gt;Init.ModelWideInitializeEvent&lt;/identifier&gt;
        &lt;priority&gt;-1&lt;/priority&gt;
      &lt;/rootTaskHierarchyElements&gt;
      &lt;rootTaskHierarchyElements type=&quot;sto.Task&quot; uuid=&quot;a28ea875-5691-4d73-bd87-d3a2c75288a8&quot;&gt;
        &lt;isExecutable&gt;true&lt;/isExecutable&gt;
        &lt;orderIndex&gt;1&lt;/orderIndex&gt;
        &lt;rates type=&quot;sto.ClassicPeriodicDiscreteRate&quot; uuid=&quot;dfe383eb-1c59-49ff-ae67-be127f64b4e2&quot;&gt;
          &lt;annotation&gt;D1&lt;/annotation&gt;
          &lt;clockId&gt;ScpAp_SafetyModeManager::defaultTimer&lt;/clockId&gt;
          &lt;description&gt;Discrete 1&lt;/description&gt;
          &lt;taskId&gt;_task0&lt;/taskId&gt;
          &lt;rateSpec type=&quot;sto.RateSpec&quot; uuid=&quot;25a7f75c-2dd3-4e6f-93d2-ddf77facbbb5&quot;&gt;
            &lt;period&gt;.02&lt;/period&gt;
            &lt;rateType&gt;ClassicPeriodicDiscrete&lt;/rateType&gt;
          &lt;/rateSpec&gt;
        &lt;/rates&gt;
        &lt;schedulingClockId&gt;ScpAp_SafetyModeManager::defaultTimer&lt;/schedulingClockId&gt;
        &lt;timeKeeperClockId&gt;ScpAp_SafetyModeManager::defaultTimer&lt;/timeKeeperClockId&gt;
        &lt;elementType&gt;Task&lt;/elementType&gt;
        &lt;identifier&gt;_task0&lt;/identifier&gt;
        &lt;priority&gt;40&lt;/priority&gt;
      &lt;/rootTaskHierarchyElements&gt;
      &lt;taskDependencyGraph type=&quot;sto.SerializedTaskConnectionList&quot; uuid=&quot;309d845f-468f-4a7e-8ea0-e4074dcafa6e&quot;&gt;
        &lt;clockIdentifier&gt;Init&lt;/clockIdentifier&gt;
        &lt;taskIdentifier&gt;Init.ModelWideInitializeEvent&lt;/taskIdentifier&gt;
      &lt;/taskDependencyGraph&gt;
      &lt;taskDependencyGraph type=&quot;sto.SerializedTaskConnectionList&quot; uuid=&quot;cd0dc914-6e77-46f4-9bd3-6015a7a764e7&quot;&gt;
        &lt;clockIdentifier&gt;ParameterChangeEvent&lt;/clockIdentifier&gt;
        &lt;taskIdentifier&gt;ModelWideParameterChangeEvent&lt;/taskIdentifier&gt;
      &lt;/taskDependencyGraph&gt;
      &lt;taskDependencyGraph type=&quot;sto.SerializedTaskConnectionList&quot; uuid=&quot;f44acc72-4354-413e-839f-7a942b83dab9&quot;&gt;
        &lt;clockIdentifier&gt;ScpAp_SafetyModeManager::defaultTimer&lt;/clockIdentifier&gt;
        &lt;taskIdentifier&gt;_task0&lt;/taskIdentifier&gt;
      &lt;/taskDependencyGraph&gt;
      &lt;taskPriorityDirection&gt;HighNumberLast&lt;/taskPriorityDirection&gt;
    &lt;/taskRegistry&gt;
  &lt;/sto.Registry&gt;
&lt;/slexec_sto&gt;</timingAndTaskingRegistry>
    <userSpecifiedFixedStepSize>.02</userSpecifiedFixedStepSize>
    <varSigHier>,,</varSigHier>
    <zeroInternalMemoryAtStartupUnchecked>true</zeroInternalMemoryAtStartupUnchecked>
    <FMUBlockMap type="ModelRefInfoRepo.FMUBlockInfo" uuid="370c356e-796f-4dd4-88d6-3c48655a99c4"/>
    <codeGenInfo type="ModelRefInfoRepo.CodeGenInformation" uuid="6658cc3d-644d-4644-a0aa-c27c0ac345f8"/>
    <compiledVariantInfos type="ModelRefInfoRepo.CompiledVariantInfoMap" uuid="1455a9f5-b44b-468b-8603-ac9a21021906"/>
    <configSettingsForConsistencyChecks type="ModelRefInfoRepo.ConfigSettingsForConsistencyChecks" uuid="58a67c30-88de-4dea-964e-bf763370612a">
      <LUTObjectStructOrderEvenSpacing>1</LUTObjectStructOrderEvenSpacing>
      <consistentOutportInitialization>true</consistentOutportInitialization>
      <dateTimeAtTZero>0.0</dateTimeAtTZero>
      <dateTimeAtTZero>0.0</dateTimeAtTZero>
      <dateTimeAtTZero>0.0</dateTimeAtTZero>
      <dateTimeAtTZero>0.0</dateTimeAtTZero>
      <dateTimeAtTZero>0.0</dateTimeAtTZero>
      <dateTimeAtTZero>0.0</dateTimeAtTZero>
      <fixedStepSize>.02</fixedStepSize>
      <frameDiagnosticSetting>2</frameDiagnosticSetting>
      <hasHybridSampleTime>true</hasHybridSampleTime>
      <optimizedInitCode>true</optimizedInitCode>
      <signalLoggingSaveFormat>2</signalLoggingSaveFormat>
      <simSIMDOptimization>1</simSIMDOptimization>
      <solverName>FixedStepDiscrete</solverName>
      <solverType>SOLVER_TYPE_FIXEDSTEP</solverType>
      <hardwareSettings type="ModelRefInfoRepo.HardwareSettings" uuid="9bd2f64c-87b2-45b9-8bad-9a87dd56962f">
        <prodBitPerChar>8</prodBitPerChar>
        <prodBitPerDouble>64</prodBitPerDouble>
        <prodBitPerFloat>32</prodBitPerFloat>
        <prodBitPerInt>32</prodBitPerInt>
        <prodBitPerLong>32</prodBitPerLong>
        <prodBitPerLongLong>64</prodBitPerLongLong>
        <prodBitPerPointer>64</prodBitPerPointer>
        <prodBitPerPtrDiffT>64</prodBitPerPtrDiffT>
        <prodBitPerShort>16</prodBitPerShort>
        <prodBitPerSizeT>64</prodBitPerSizeT>
        <prodEndianess>1</prodEndianess>
        <prodShiftRight>true</prodShiftRight>
        <prodWordSize>64</prodWordSize>
      </hardwareSettings>
    </configSettingsForConsistencyChecks>
    <controllableInputRatesMap type="ModelRefInfoRepo.VarTsUIDMap" uuid="7d5d9adf-31fa-4277-8cb4-fec1d9340db5"/>
    <controllableOutputRatesMap type="ModelRefInfoRepo.VarTsUIDMap" uuid="8d0227f9-ba43-4401-a4d0-7be1785093b7"/>
    <dataPortGroup type="ModelRefInfoRepo.DataPortGroup" uuid="45c9e429-35ac-4931-a152-13013640e92c">
      <compDataInputPorts>0</compDataInputPorts>
      <compDataOutputPorts>0</compDataOutputPorts>
      <compDataOutputPorts>1</compDataOutputPorts>
      <dataInputPorts>0</dataInputPorts>
      <dataOutputPorts>0</dataOutputPorts>
      <dataOutputPorts>1</dataOutputPorts>
    </dataPortGroup>
    <expFcnUnconnectedDataPortGroup type="ModelRefInfoRepo.DataPortGroup" uuid="68f5e549-ff5d-4d51-8e2e-b05355cbf1b5"/>
    <interfaceParameterInfo type="ModelRefInfoRepo.InterfaceParameterInfo" uuid="7c07526a-26e9-4543-8ce5-5fb43e47e95b"/>
    <messageInfo type="ModelRefInfoRepo.MessageInformation" uuid="cbf1081e-bc52-48f0-89ef-1c1d29689367"/>
    <methodInfo type="ModelRefInfoRepo.MethodExistenceInfo" uuid="0736ccf0-eb68-44fb-9af3-61e5a7c4a35d"/>
    <periodicEventPortUnsupportedBlockInfo type="ModelRefInfoRepo.PeriodicEventPortUnsupportedBlockInfo" uuid="b600bf7f-7124-4b84-9400-1e8ad6cbc8b4"/>
    <portGroupsRequireSameRate type="ModelRefInfoRepo.PortGroupsRequireSameRate" uuid="0bb77d85-d0de-480e-948a-53e92a5150de">
      <DSMPortGroups type="ModelRefInfoRepo.NameToPortGroupIdxVectMap" uuid="bf6302d4-fdaf-48a2-98e3-b2a97069a61b"/>
      <GlobalDSMPortGroups type="ModelRefInfoRepo.NameToPortGroupIdxVectMap" uuid="4ea35055-e8d0-40df-b23c-5617c6034df1"/>
      <mergedPortGroups type="ModelRefInfoRepo.NameToPortGroupIdxVectMap" uuid="0b699397-4cf6-4684-b85b-adc6ac35be84"/>
    </portGroupsRequireSameRate>
    <rateBasedMdlGlobalDSMRateSpec type="ModelRefInfoRepo.GlobalDSMRateSpecMap" uuid="622fa9bb-a285-410b-8777-73ab0fadb375"/>
    <rateSpecOfGlobalDSMAccessedByDescExpFcnMdlMap type="ModelRefInfoRepo.GlobalDSMRateSpecMap" uuid="57fbba73-38bc-41cc-8be3-ccbb2f1bd7df"/>
    <rootBlockDiagramInterface type="ci.Model" uuid="4170780a-1a7a-4002-8d9a-363b8d2bc2ac">
      <p_RootComponentInterface type="ci.ComponentInterface" uuid="ab2336b5-30b3-49bc-af16-9dc8222704eb">
        <p_InputPorts type="ci.SignalInterface" uuid="ebb47b8b-e29b-466f-ab2c-b32b27223223">
          <p_ComputedNumericDimensions>1.0</p_ComputedNumericDimensions>
          <p_ComputedSampleTime>.02</p_ComputedSampleTime>
          <p_ComputedSampleTime>0.0</p_ComputedSampleTime>
          <p_ComputedType>VechSafetyStatus_L2p_IDT</p_ComputedType>
          <p_Name>RP_ScpAp_VechSafetyStatus_L2p_IF_VechSafetyStatus_L2p</p_Name>
        </p_InputPorts>
        <p_Name>ScpAp_SafetyModeManager</p_Name>
        <p_OutputPorts type="ci.SignalInterface" uuid="ed990e7b-ec4a-4593-a20f-76baa06a20e3">
          <p_ComputedNumericDimensions>1.0</p_ComputedNumericDimensions>
          <p_ComputedSampleTime>.02</p_ComputedSampleTime>
          <p_ComputedSampleTime>0.0</p_ComputedSampleTime>
          <p_ComputedType>SafetyMode_L2p_IDT</p_ComputedType>
          <p_Name>PP_AutonomousAllowed_IF_AutonomousAllowed</p_Name>
        </p_OutputPorts>
        <p_OutputPorts type="ci.SignalInterface" uuid="ded171a4-c338-4df9-a4ef-51264471c434">
          <p_ComputedNumericDimensions>1.0</p_ComputedNumericDimensions>
          <p_ComputedSampleTime>.02</p_ComputedSampleTime>
          <p_ComputedSampleTime>0.0</p_ComputedSampleTime>
          <p_ComputedType>SafetyMode_L2p_IDT</p_ComputedType>
          <p_Name>PP_Mode_L2p_IF_SafetyMode_L2p</p_Name>
        </p_OutputPorts>
        <p_Type>ROOT</p_Type>
      </p_RootComponentInterface>
    </rootBlockDiagramInterface>
    <simulinkFunctions type="ModelRefInfoRepo.SimulinkFunctions" uuid="84c4ee80-ca01-4495-8c07-a41323877694">
      <compSimulinkFunctionCatalog></compSimulinkFunctionCatalog>
    </simulinkFunctions>
    <sltpContext type="sltp.mm.core.Context" uuid="215a247e-1f1c-4223-82ac-7550fd20dc42">
      <globalData type="sltp.mm.core.GlobalData" uuid="2d1645cb-7ba8-44f2-a28c-b3c7c7acde66">
        <dataName>portPP_AutonomousAllowed_IF_AutonomousAllowed</dataName>
        <type>RootOutport</type>
      </globalData>
      <globalData type="sltp.mm.core.GlobalData" uuid="adc8f811-d504-4f95-90ef-fcbd6a5a8b9e">
        <dataName>portPP_Mode_L2p_IF_SafetyMode_L2p</dataName>
        <type>RootOutport</type>
      </globalData>
      <globalData type="sltp.mm.core.GlobalData" uuid="b49b66aa-2c56-4406-b4bf-59858ef95f78">
        <dataName>portRP_ScpAp_VechSafetyStatus_L2p_IF_VechSafetyStatus_L2p</dataName>
        <type>RootInport</type>
      </globalData>
      <priorityDirection>HighNumberLast</priorityDirection>
      <defaultBarrierBehavior type="sltp.mm.core.BarrierBehavior" uuid="b16a0bdf-c34c-45aa-bac4-c38811b897c7"/>
      <defaultEventBehavior type="sltp.mm.core.EventBehavior" uuid="71a88038-0e3a-4005-8089-ba2ff4d4fa42"/>
      <editorState type="sltp.mm.core.EditorState" uuid="b18b11cc-e7df-4e22-b150-e34f41e48e09">
        <isSynchronized>true</isSynchronized>
        <panelState type="sltp.mm.core.EditorPanelState" uuid="1529a96f-8221-4458-9ecd-1150db144dee"/>
      </editorState>
      <rootTask type="sltp.mm.core.Task" uuid="db15ffa5-d253-4dc6-b3f2-674dfc2a2135">
        <context type="sltp.mm.core.Context" uuid="215a247e-1f1c-4223-82ac-7550fd20dc42"/>
        <explicit>false</explicit>
        <name>Default</name>
        <priority>-2147483648</priority>
        <subgraph type="sltp.mm.core.Graph" uuid="1b5f3997-9e61-4ca5-b1e7-c89a521a5ed4">
          <tasks type="sltp.mm.core.Task" uuid="946e4e7a-46ea-4730-b81e-d8a95a80d85f">
            <context type="sltp.mm.core.Context" uuid="215a247e-1f1c-4223-82ac-7550fd20dc42"/>
            <explicit>false</explicit>
            <id>1</id>
            <isTimed>true</isTimed>
            <name>D1</name>
            <priority>40</priority>
            <rates type="sltp.mm.core.Rate" uuid="c70dda84-c206-4f8f-a6eb-dcfe1e971815">
              <annotation>D1</annotation>
              <color>-12240129</color>
              <hasBlocks>true</hasBlocks>
              <identifier>ClassicPeriodicDiscrete0.020</identifier>
              <rateIndex>0</rateIndex>
              <rateSpec type="sltp.mm.core.RateSpec">
                <period>.02</period>
              </rateSpec>
              <sti>0</sti>
            </rates>
          </tasks>
        </subgraph>
      </rootTask>
    </sltpContext>
    <stateWriterToOwnerMap type="ModelRefInfoRepo.StateWriterInfo" uuid="35c34e27-029e-4811-aac6-65a873c46e16"/>
    <stoClientDataRegistry type="sto.ClientDataRegistry" uuid="4c199994-44e1-4079-8a79-b817ceec584f">
      <dataSets type="sto.ClientClockNamedDataSet" uuid="6dab470a-e1a6-45ef-be0d-9f42af7c6dad">
        <tag>sltpEvents</tag>
      </dataSets>
      <dataSets type="sto.ClientTaskHierarchyElementNamedDataSet" uuid="9c31feff-973d-453c-ae92-54cd8009e2bf">
        <tag>sltpTaskGroups</tag>
      </dataSets>
      <dataSets type="sto.ClientTaskHierarchyElementNamedDataSet" uuid="f2f8356d-71e9-4281-98fc-992d4690f623">
        <dSet type="ModelRefInfoRepo.SltpTaskData" uuid="3c968b6e-ed65-45ee-bb0b-a166b37c58b3"/>
        <tSet type="ModelRefInfoRepo.SltpTaskData" uuid="3c968b6e-ed65-45ee-bb0b-a166b37c58b3">
          <dataName>D1</dataName>
          <linkedSet type="sto.ClientTaskHierarchyElementNamedDataSet" uuid="f2f8356d-71e9-4281-98fc-992d4690f623"/>
          <id type="sto.TaskHierarchyElementId">
            <clockId>ScpAp_SafetyModeManager::defaultTimer</clockId>
            <id>_task0</id>
          </id>
        </tSet>
        <tag>sltpTasks</tag>
      </dataSets>
    </stoClientDataRegistry>
    <varTsUIDMap type="ModelRefInfoRepo.VarTsUIDMap" uuid="61bb1951-542a-4b9b-a0f8-9624110415b9"/>
  </ModelRefInfoRepo.ModelRefInfoRoot>
</MF0>