<?xml version="1.0" encoding="UTF-8"?>
<MF0 version="1.1" packageUris="http://schema.mathworks.com/mf0/ci/19700101 http://schema.mathworks.com/mf0/sl_modelref_info/R2025a http://schema.mathworks.com/mf0/slexec_mm_sto/R2025a_202404151030 http://schema.mathworks.com/mf0/sltp_mm/R2025a_202406271200">
  <ModelRefInfoRepo.ModelRefInfoRoot type="ModelRefInfoRepo.ModelRefInfoRoot" uuid="86a51a77-1b5d-448a-aea3-536e5673cef9">
    <busObjectsChecksum type="ModelRefInfoRepo.BusObjectInfo" uuid="b9486827-4e38-41da-adc0-8f4e4861d486">
      <Checksum>2119855846</Checksum>
      <Checksum>3295814049</Checksum>
      <Checksum>1811801176</Checksum>
      <Checksum>681977852</Checksum>
      <Name>IF_ValidityFlag_L1p_IDT</Name>
    </busObjectsChecksum>
    <busObjectsChecksum type="ModelRefInfoRepo.BusObjectInfo" uuid="23048877-f436-43b8-b5e7-b4886ae4b384">
      <Checksum>371988174</Checksum>
      <Checksum>2206258323</Checksum>
      <Checksum>4125342369</Checksum>
      <Checksum>810562429</Checksum>
      <Name>SG_mEbcm2L_WhlSpd_IDT_E2E</Name>
    </busObjectsChecksum>
    <busObjectsChecksum type="ModelRefInfoRepo.BusObjectInfo" uuid="f93d6294-0eb0-4e85-87c5-41843d8fcbf0">
      <Checksum>58823296</Checksum>
      <Checksum>3610748056</Checksum>
      <Checksum>2080303625</Checksum>
      <Checksum>182560008</Checksum>
      <Name>SG_mVcuImuLinAccel_IDT</Name>
    </busObjectsChecksum>
    <busObjectsChecksum type="ModelRefInfoRepo.BusObjectInfo" uuid="4cde3f7b-6ab1-4d2e-876a-b9cef8bf807e">
      <Checksum>3192901557</Checksum>
      <Checksum>3382945730</Checksum>
      <Checksum>3413183004</Checksum>
      <Checksum>3003258306</Checksum>
      <Name>SG_mWhdStat_IDT_E2E</Name>
    </busObjectsChecksum>
    <childModelRefInfo type="ModelRefInfoRepo.ChildModelRefInfo" uuid="d2c3ef0d-d51f-4ba6-9511-c30bb2d80137">
      <modelName>ScpAp_L1SpeedMonitor</modelName>
      <modelPath>ScpAp_L1SpeedMonitor</modelPath>
    </childModelRefInfo>
    <compDerivCacheNeedsReset>false</compDerivCacheNeedsReset>
    <compZcCacheNeedsReset>false</compZcCacheNeedsReset>
    <compiledTFinal>10.0</compiledTFinal>
    <containsInitResetTermSampleTimes>true</containsInitResetTermSampleTimes>
    <dataDictionary>EgasPOC.sldd</dataDictionary>
    <dataDictionarySet>EgasPOC.sldd</dataDictionarySet>
    <dataSourceInfo type="ModelRefInfoRepo.DataSourceInfo" uuid="7f2f6c9b-2c22-4f01-b5d0-ee2f699225dc">
      <dataSources type="ModelRefInfoRepo.SourceInfo" uuid="09ca3ee3-de5c-411b-bf0a-7fe00f86806b">
        <includeAllSections>true</includeAllSections>
        <sourceName>EgasPOC.sldd</sourceName>
        <type>DataDictionary</type>
      </dataSources>
      <dataSources type="ModelRefInfoRepo.SourceInfo" uuid="45e5b4d3-bb81-4c48-a115-51f72d427e0d">
        <includeAllSections>true</includeAllSections>
        <sourceName>base workspace</sourceName>
        <type>BaseWorkspace</type>
      </dataSources>
      <modelName>ScpAp_L1SpeedMonitor</modelName>
    </dataSourceInfo>
    <dataTransferInfos>AAFJTQAAAAAOAAAAOAAAAAYAAAAIAAAAAgAAAAAAAAAFAAAACAAAAAAAAAABAAAAAQAAAAAAAAAFAAQAAQAAAAEAAAAAAAAA</dataTransferInfos>
    <fastestNoncontSigFeedingDerivPorts>-1.0</fastestNoncontSigFeedingDerivPorts>
    <fundamentalSampleTimePeriod>.01</fundamentalSampleTimePeriod>
    <globalVariables>#IF_ValidityFlag_L1p_IDT#EgasPOC.sldd#</globalVariables>
    <globalVariables>#IMU_Stuck_Delta#EgasPOC.sldd#</globalVariables>
    <globalVariables>#Motor_Stuck_Delta#EgasPOC.sldd#</globalVariables>
    <globalVariables>#SG_mEbcm2L_WhlSpd_IDT_E2E#EgasPOC.sldd#</globalVariables>
    <globalVariables>#SG_mVcuImuLinAccel_IDT#EgasPOC.sldd#</globalVariables>
    <globalVariables>#SG_mWhdStat_IDT_E2E#EgasPOC.sldd#</globalVariables>
    <globalVariables>#Stuck_Th_Cyc#EgasPOC.sldd#</globalVariables>
    <globalVariables>#WSS_Avg_Spd#EgasPOC.sldd#</globalVariables>
    <globalVariables>#Wheel_Spd_Th#EgasPOC.sldd#</globalVariables>
    <globalVariables>#WhlSpd_Max#EgasPOC.sldd#</globalVariables>
    <globalVariables>#WhlSpd_Min#EgasPOC.sldd#</globalVariables>
    <globalVariables>#Whl_Stuck_Delta#EgasPOC.sldd#</globalVariables>
    <hasBlockWithPeriodicDiscreteSampleTime>true</hasBlockWithPeriodicDiscreteSampleTime>
    <hasBwsAccessed>true</hasBwsAccessed>
    <hasInlineVariantBlock>true</hasInlineVariantBlock>
    <inports type="ModelRefInfoRepo.InportInformation" uuid="87b2cff4-48a0-4658-a3c5-d47f3551f26e">
      <isNotDerivPort>true</isNotDerivPort>
      <RTWTestpoint>true</RTWTestpoint>
      <designMax>inf</designMax>
      <designMin>-inf</designMin>
      <indexType>2</indexType>
      <rateInfos type="ModelRefInfoRepo.RateInfo">
        <compiled>true</compiled>
        <nonFcnCallPartitionName>D1</nonFcnCallPartitionName>
        <period>.01</period>
        <priority>40</priority>
        <rateIdx>0</rateIdx>
      </rateInfos>
      <resolvedSignalObject></resolvedSignalObject>
      <trueHiers>0</trueHiers>
      <executionInterface type="ModelRefInfoRepo.InputExecutionInterface" uuid="b3aa951c-8c64-4f8a-b47e-22799c25bb42"/>
      <sigNameToEMVCEMap type="ModelRefInfoRepo.SigNameEMVCEInfo" uuid="64dc4275-bf80-4a80-b93d-88eed4555a2e"/>
    </inports>
    <inports type="ModelRefInfoRepo.InportInformation" uuid="52ef550d-25d5-402b-ad55-b168aff99cc6">
      <isNotDerivPort>true</isNotDerivPort>
      <RTWTestpoint>true</RTWTestpoint>
      <designMax>inf</designMax>
      <designMin>-inf</designMin>
      <indexType>2</indexType>
      <originalPortNumber>1</originalPortNumber>
      <rateInfos type="ModelRefInfoRepo.RateInfo">
        <compiled>true</compiled>
        <nonFcnCallPartitionName>D1</nonFcnCallPartitionName>
        <period>.01</period>
        <priority>40</priority>
        <rateIdx>0</rateIdx>
      </rateInfos>
      <resolvedSignalObject></resolvedSignalObject>
      <trueHiers>0</trueHiers>
      <executionInterface type="ModelRefInfoRepo.InputExecutionInterface" uuid="66cefaf1-f628-419e-bd62-79d9e3e0053e"/>
      <sigNameToEMVCEMap type="ModelRefInfoRepo.SigNameEMVCEInfo" uuid="55614ac2-d41e-4854-a1f8-7d01f2e0c033"/>
    </inports>
    <inports type="ModelRefInfoRepo.InportInformation" uuid="9d2212c0-cc91-4621-b816-6faff73dd429">
      <isNotDerivPort>true</isNotDerivPort>
      <RTWTestpoint>true</RTWTestpoint>
      <designMax>inf</designMax>
      <designMin>-inf</designMin>
      <indexType>2</indexType>
      <originalPortNumber>2</originalPortNumber>
      <rateInfos type="ModelRefInfoRepo.RateInfo">
        <compiled>true</compiled>
        <nonFcnCallPartitionName>D1</nonFcnCallPartitionName>
        <period>.01</period>
        <priority>40</priority>
        <rateIdx>0</rateIdx>
      </rateInfos>
      <resolvedSignalObject></resolvedSignalObject>
      <trueHiers>0</trueHiers>
      <executionInterface type="ModelRefInfoRepo.InputExecutionInterface" uuid="e6501691-bd60-41ee-b8cb-673727fda72f"/>
      <sigNameToEMVCEMap type="ModelRefInfoRepo.SigNameEMVCEInfo" uuid="04af4a97-e052-41db-9533-296e3ed331f2"/>
    </inports>
    <isBdInSimModeForSimCodegenVariants>false</isBdInSimModeForSimCodegenVariants>
    <isInlineParamsOn>true</isInlineParamsOn>
    <isOrigInportVirtualBus>false</isOrigInportVirtualBus>
    <isOrigInportVirtualBus>false</isOrigInportVirtualBus>
    <isOrigInportVirtualBus>false</isOrigInportVirtualBus>
    <isOrigOutportVirtualBus>false</isOrigOutportVirtualBus>
    <isOrigOutportVirtualBus>false</isOrigOutportVirtualBus>
    <isOrigOutportVirtualBus>false</isOrigOutportVirtualBus>
    <isOrigOutportVirtualBus>false</isOrigOutportVirtualBus>
    <isOrigOutportVirtualBus>false</isOrigOutportVirtualBus>
    <isOrigOutportVirtualBus>false</isOrigOutportVirtualBus>
    <loggingSaveFormat>6</loggingSaveFormat>
    <maxFreqHz>-1.0</maxFreqHz>
    <numDStateRecs>11</numDStateRecs>
    <numDStateRecsInMdl>11</numDStateRecsInMdl>
    <numDataInputPorts>3</numDataInputPorts>
    <numLoggableDStateRecs>11</numLoggableDStateRecs>
    <numLoggableDStateRecsInMdl>11</numLoggableDStateRecsInMdl>
    <numLoggableJacobianDStates>3</numLoggableJacobianDStates>
    <numSigs>1</numSigs>
    <origInportBusType></origInportBusType>
    <origInportBusType></origInportBusType>
    <origInportBusType></origInportBusType>
    <origOutportBusOutputAsStruct>false</origOutportBusOutputAsStruct>
    <origOutportBusOutputAsStruct>false</origOutportBusOutputAsStruct>
    <origOutportBusOutputAsStruct>true</origOutportBusOutputAsStruct>
    <origOutportBusOutputAsStruct>false</origOutportBusOutputAsStruct>
    <origOutportBusOutputAsStruct>false</origOutportBusOutputAsStruct>
    <origOutportBusOutputAsStruct>false</origOutportBusOutputAsStruct>
    <origOutportBusType></origOutportBusType>
    <origOutportBusType></origOutportBusType>
    <origOutportBusType>IF_ValidityFlag_L1p_IDT</origOutportBusType>
    <origOutportBusType></origOutportBusType>
    <origOutportBusType></origOutportBusType>
    <origOutportBusType></origOutportBusType>
    <outports type="ModelRefInfoRepo.OutportInformation" uuid="e8a73ed7-263f-4665-8d2a-948fac67376b">
      <designMax>inf</designMax>
      <designMin>-inf</designMin>
      <indexType>2</indexType>
      <rateInfos type="ModelRefInfoRepo.RateInfo">
        <compiled>true</compiled>
        <nonFcnCallPartitionName>D1</nonFcnCallPartitionName>
        <period>.01</period>
        <priority>40</priority>
        <rateIdx>0</rateIdx>
      </rateInfos>
      <resolvedSignalObject></resolvedSignalObject>
      <trueHiers>0</trueHiers>
      <executionInterface type="ModelRefInfoRepo.OutputExecutionInterface" uuid="dcd41eb0-72d7-4211-96fc-90e78026664b"/>
      <sigNameToEMVCEMap type="ModelRefInfoRepo.SigNameEMVCEInfo" uuid="04a036b8-45c8-46ce-a6e6-3e495a6e0df6"/>
    </outports>
    <outports type="ModelRefInfoRepo.OutportInformation" uuid="b933e172-eb68-45d0-81e0-3ae41ac7c59a">
      <designMax>inf</designMax>
      <designMin>-inf</designMin>
      <indexType>2</indexType>
      <originalPortNumber>1</originalPortNumber>
      <rateInfos type="ModelRefInfoRepo.RateInfo">
        <compiled>true</compiled>
        <nonFcnCallPartitionName>D1</nonFcnCallPartitionName>
        <period>.01</period>
        <priority>40</priority>
        <rateIdx>0</rateIdx>
      </rateInfos>
      <resolvedSignalObject></resolvedSignalObject>
      <trueHiers>0</trueHiers>
      <executionInterface type="ModelRefInfoRepo.OutputExecutionInterface" uuid="c8ec2e5a-b370-4c84-839f-e2881b91f55d"/>
      <sigNameToEMVCEMap type="ModelRefInfoRepo.SigNameEMVCEInfo" uuid="54696453-953d-49e1-bd5d-ed4537bdedf2"/>
    </outports>
    <outports type="ModelRefInfoRepo.OutportInformation" uuid="fa4e723b-79c1-4def-bf6f-16c1da88f557">
      <designMax>inf</designMax>
      <designMin>-inf</designMin>
      <indexType>2</indexType>
      <originalPortNumber>2</originalPortNumber>
      <rateInfos type="ModelRefInfoRepo.RateInfo">
        <compiled>true</compiled>
        <nonFcnCallPartitionName>D1</nonFcnCallPartitionName>
        <period>.01</period>
        <priority>40</priority>
        <rateIdx>0</rateIdx>
      </rateInfos>
      <resolvedSignalObject></resolvedSignalObject>
      <trueHiers>0</trueHiers>
      <executionInterface type="ModelRefInfoRepo.OutputExecutionInterface" uuid="b13ff35f-806b-4d49-af09-7a05fd0fab7b"/>
      <sigNameToEMVCEMap type="ModelRefInfoRepo.SigNameEMVCEInfo" uuid="ec00c625-b60b-457d-bddf-d22b269f360d"/>
    </outports>
    <outports type="ModelRefInfoRepo.OutportInformation" uuid="655eb9f6-b30e-4403-8605-972bc7851ee0">
      <designMax>inf</designMax>
      <designMin>-inf</designMin>
      <indexType>2</indexType>
      <originalPortNumber>3</originalPortNumber>
      <rateInfos type="ModelRefInfoRepo.RateInfo">
        <compiled>true</compiled>
        <nonFcnCallPartitionName>D1</nonFcnCallPartitionName>
        <period>.01</period>
        <priority>40</priority>
        <rateIdx>0</rateIdx>
      </rateInfos>
      <resolvedSignalObject></resolvedSignalObject>
      <trueHiers>0</trueHiers>
      <executionInterface type="ModelRefInfoRepo.OutputExecutionInterface" uuid="e73e51b9-5018-4d69-8b10-da273f91e183"/>
      <sigNameToEMVCEMap type="ModelRefInfoRepo.SigNameEMVCEInfo" uuid="a39442a4-9d5f-4b1f-a054-279df2218ccf"/>
    </outports>
    <outports type="ModelRefInfoRepo.OutportInformation" uuid="eaecac85-f25c-4551-9dc7-833705de295d">
      <designMax>inf</designMax>
      <designMin>-inf</designMin>
      <indexType>2</indexType>
      <originalPortNumber>4</originalPortNumber>
      <rateInfos type="ModelRefInfoRepo.RateInfo">
        <compiled>true</compiled>
        <nonFcnCallPartitionName>D1</nonFcnCallPartitionName>
        <period>.01</period>
        <priority>40</priority>
        <rateIdx>0</rateIdx>
      </rateInfos>
      <resolvedSignalObject></resolvedSignalObject>
      <trueHiers>0</trueHiers>
      <executionInterface type="ModelRefInfoRepo.OutputExecutionInterface" uuid="e1c3096f-41df-45f7-966a-9d9880e2c3c9"/>
      <sigNameToEMVCEMap type="ModelRefInfoRepo.SigNameEMVCEInfo" uuid="1d5dcef2-66af-4e5c-8b62-c78dd6cd5fe0"/>
    </outports>
    <outports type="ModelRefInfoRepo.OutportInformation" uuid="cc3abbe1-df16-4f18-9b09-0be70a52d894">
      <designMax>inf</designMax>
      <designMin>-inf</designMin>
      <indexType>2</indexType>
      <originalPortNumber>5</originalPortNumber>
      <rateInfos type="ModelRefInfoRepo.RateInfo">
        <compiled>true</compiled>
        <nonFcnCallPartitionName>D1</nonFcnCallPartitionName>
        <period>.01</period>
        <priority>40</priority>
        <rateIdx>0</rateIdx>
      </rateInfos>
      <resolvedSignalObject></resolvedSignalObject>
      <trueHiers>0</trueHiers>
      <executionInterface type="ModelRefInfoRepo.OutputExecutionInterface" uuid="5615f6d6-b621-473f-b65b-7c214c102df6"/>
      <sigNameToEMVCEMap type="ModelRefInfoRepo.SigNameEMVCEInfo" uuid="44d0103e-75ae-470a-9861-30ca0c5d12cc"/>
    </outports>
    <removeResetFunc>true</removeResetFunc>
    <runtimeNonFcnCallRateInfos type="ModelRefInfoRepo.RateInfo">
      <compiled>true</compiled>
      <nonFcnCallPartitionName>D1</nonFcnCallPartitionName>
      <period>.01</period>
      <priority>40</priority>
      <rateIdx>0</rateIdx>
    </runtimeNonFcnCallRateInfos>
    <sampleTimeInheritanceRule>2</sampleTimeInheritanceRule>
    <solverStatusFlags>323</solverStatusFlags>
    <timingAndTaskingRegistry>&lt;?xml version=&quot;1.0&quot;?&gt;
&lt;slexec_sto version=&quot;1.1&quot; packageUris=&quot;http://schema.mathworks.com/mf0/slexec_mm_sto/R2025a_202404151030&quot;&gt;
  &lt;sto.Registry type=&quot;sto.Registry&quot; uuid=&quot;641ff6e0-eaa5-46ff-89b1-d7087feb7026&quot;&gt;
    &lt;executionSpec&gt;Undetermined&lt;/executionSpec&gt;
    &lt;identifier&gt;ScpAp_L1SpeedMonitor&lt;/identifier&gt;
    &lt;clockRegistry type=&quot;sto.ClockRegistry&quot; uuid=&quot;7a138033-da05-426a-8da5-7d87b83a9921&quot;&gt;
      &lt;clocks type=&quot;sto.Timer&quot; uuid=&quot;00dffaab-2ed0-47ad-ba70-443b33503b6d&quot;&gt;
        &lt;computedFundamentalDiscretePeriod&gt;.01&lt;/computedFundamentalDiscretePeriod&gt;
        &lt;fastestDiscreteRate type=&quot;sto.ClassicPeriodicDiscreteRate&quot; uuid=&quot;f81ba05f-78ad-4fff-bb42-b4b45d8ae9f7&quot;/&gt;
        &lt;isDefaultTimer&gt;true&lt;/isDefaultTimer&gt;
        &lt;resolution&gt;.01&lt;/resolution&gt;
        &lt;timeAdvanceMode&gt;FixedStep&lt;/timeAdvanceMode&gt;
        &lt;identifier&gt;ScpAp_L1SpeedMonitor::defaultTimer&lt;/identifier&gt;
        &lt;rates type=&quot;sto.ClassicPeriodicDiscreteRate&quot; uuid=&quot;f81ba05f-78ad-4fff-bb42-b4b45d8ae9f7&quot;&gt;
          &lt;annotation&gt;D1&lt;/annotation&gt;
          &lt;clockId&gt;ScpAp_L1SpeedMonitor::defaultTimer&lt;/clockId&gt;
          &lt;description&gt;Discrete 1&lt;/description&gt;
          &lt;taskId&gt;_task0&lt;/taskId&gt;
          &lt;rateSpec type=&quot;sto.RateSpec&quot; uuid=&quot;86132f74-fcd1-42c6-9e6f-4f9394946ce1&quot;&gt;
            &lt;period&gt;.01&lt;/period&gt;
            &lt;rateType&gt;ClassicPeriodicDiscrete&lt;/rateType&gt;
          &lt;/rateSpec&gt;
        &lt;/rates&gt;
        &lt;baseRate type=&quot;sto.ClassicPeriodicDiscreteRate&quot; uuid=&quot;1fb92e31-4844-4abf-8657-6d6a9374de60&quot;&gt;
          &lt;annotation&gt;D1&lt;/annotation&gt;
          &lt;clockId&gt;ScpAp_L1SpeedMonitor::defaultTimer&lt;/clockId&gt;
          &lt;description&gt;Discrete 1&lt;/description&gt;
          &lt;taskId&gt;_task0&lt;/taskId&gt;
          &lt;rateSpec type=&quot;sto.RateSpec&quot; uuid=&quot;15a77179-1ad1-415f-994a-fae703f84cc8&quot;&gt;
            &lt;period&gt;.01&lt;/period&gt;
            &lt;rateType&gt;ClassicPeriodicDiscrete&lt;/rateType&gt;
          &lt;/rateSpec&gt;
        &lt;/baseRate&gt;
      &lt;/clocks&gt;
      &lt;clocks type=&quot;sto.Event&quot; uuid=&quot;9d5c0762-4949-48e3-a01e-10f821854cf3&quot;&gt;
        &lt;eventType&gt;POWER_UP_EVENT&lt;/eventType&gt;
        &lt;cNum&gt;1&lt;/cNum&gt;
        &lt;clockType&gt;Event&lt;/clockType&gt;
        &lt;identifier&gt;Init&lt;/identifier&gt;
        &lt;rates type=&quot;sto.ModelWideEventRate&quot; uuid=&quot;b9de8def-0602-42ca-b542-40c2bc1532a3&quot;&gt;
          &lt;annotation&gt;IE&lt;/annotation&gt;
          &lt;clockId&gt;Init&lt;/clockId&gt;
          &lt;colorIndex&gt;-1&lt;/colorIndex&gt;
          &lt;description&gt;Initialize&lt;/description&gt;
          &lt;rateIdx&gt;1&lt;/rateIdx&gt;
          &lt;taskId&gt;Init.ModelWideInitializeEvent&lt;/taskId&gt;
          &lt;rateSpec type=&quot;sto.RateSpec&quot; uuid=&quot;06fed9cc-e0ed-4e1a-8aa6-ab01e33d6c1a&quot;&gt;
            &lt;offset&gt;1.0&lt;/offset&gt;
            &lt;period&gt;inf&lt;/period&gt;
            &lt;rateType&gt;ModelWideInitializeEvent&lt;/rateType&gt;
          &lt;/rateSpec&gt;
        &lt;/rates&gt;
      &lt;/clocks&gt;
      &lt;clocks type=&quot;sto.Event&quot; uuid=&quot;f09850d1-f3ba-4785-b6df-1f13eb24b4e0&quot;&gt;
        &lt;eventType&gt;PARAMETER_CHANGE_EVENT&lt;/eventType&gt;
        &lt;cNum&gt;2&lt;/cNum&gt;
        &lt;clockType&gt;Event&lt;/clockType&gt;
        &lt;identifier&gt;ParameterChangeEvent&lt;/identifier&gt;
        &lt;rates type=&quot;sto.ModelWideEventRate&quot; uuid=&quot;1df778eb-fa2b-4cbc-b91a-95a922b99165&quot;&gt;
          &lt;annotation&gt;Inf&lt;/annotation&gt;
          &lt;clockId&gt;ParameterChangeEvent&lt;/clockId&gt;
          &lt;colorIndex&gt;-1&lt;/colorIndex&gt;
          &lt;description&gt;Constant&lt;/description&gt;
          &lt;rateIdx&gt;-1&lt;/rateIdx&gt;
          &lt;taskId&gt;ModelWideParameterChangeEvent&lt;/taskId&gt;
          &lt;useForExecution&gt;NotForExecution&lt;/useForExecution&gt;
          &lt;rateSpec type=&quot;sto.RateSpec&quot; uuid=&quot;b4ab993a-08ee-43f5-8bdf-160bde4f4dd9&quot;&gt;
            &lt;period&gt;inf&lt;/period&gt;
            &lt;rateType&gt;ModelWideParameterChangeEvent&lt;/rateType&gt;
          &lt;/rateSpec&gt;
        &lt;/rates&gt;
      &lt;/clocks&gt;
      &lt;timeAdvanceMode&gt;FixedStep&lt;/timeAdvanceMode&gt;
    &lt;/clockRegistry&gt;
    &lt;taskRegistry type=&quot;sto.TaskRegistry&quot; uuid=&quot;5fb209e8-5a1b-442c-b497-e8952afd6abf&quot;&gt;
      &lt;rootTaskHierarchyElements type=&quot;sto.Task&quot; uuid=&quot;806e7286-7eff-413e-a72d-8824389748e0&quot;&gt;
        &lt;isExplicit&gt;true&lt;/isExplicit&gt;
        &lt;rates type=&quot;sto.ModelWideEventRate&quot; uuid=&quot;c2abe1e2-5cdb-4b20-bd3d-c6d69ad13334&quot;&gt;
          &lt;annotation&gt;Inf&lt;/annotation&gt;
          &lt;clockId&gt;ParameterChangeEvent&lt;/clockId&gt;
          &lt;colorIndex&gt;-1&lt;/colorIndex&gt;
          &lt;description&gt;Constant&lt;/description&gt;
          &lt;rateIdx&gt;-1&lt;/rateIdx&gt;
          &lt;taskId&gt;ModelWideParameterChangeEvent&lt;/taskId&gt;
          &lt;useForExecution&gt;NotForExecution&lt;/useForExecution&gt;
          &lt;rateSpec type=&quot;sto.RateSpec&quot; uuid=&quot;4fcac959-1871-4f71-a197-ff63d4f1bcf7&quot;&gt;
            &lt;period&gt;inf&lt;/period&gt;
            &lt;rateType&gt;ModelWideParameterChangeEvent&lt;/rateType&gt;
          &lt;/rateSpec&gt;
        &lt;/rates&gt;
        &lt;schedulingClockId&gt;ParameterChangeEvent&lt;/schedulingClockId&gt;
        &lt;timeKeeperClockId&gt;ScpAp_L1SpeedMonitor::defaultTimer&lt;/timeKeeperClockId&gt;
        &lt;elementType&gt;Task&lt;/elementType&gt;
        &lt;identifier&gt;ModelWideParameterChangeEvent&lt;/identifier&gt;
        &lt;priority&gt;-1&lt;/priority&gt;
      &lt;/rootTaskHierarchyElements&gt;
      &lt;rootTaskHierarchyElements type=&quot;sto.Task&quot; uuid=&quot;cb16713f-f87d-4646-9824-a16adbd77ce3&quot;&gt;
        &lt;isExecutable&gt;true&lt;/isExecutable&gt;
        &lt;isExplicit&gt;true&lt;/isExplicit&gt;
        &lt;rates type=&quot;sto.ModelWideEventRate&quot; uuid=&quot;50aefbd5-c012-4f0e-a6fb-4901dc66f3e3&quot;&gt;
          &lt;annotation&gt;IE&lt;/annotation&gt;
          &lt;clockId&gt;Init&lt;/clockId&gt;
          &lt;colorIndex&gt;-1&lt;/colorIndex&gt;
          &lt;description&gt;Initialize&lt;/description&gt;
          &lt;rateIdx&gt;1&lt;/rateIdx&gt;
          &lt;taskId&gt;Init.ModelWideInitializeEvent&lt;/taskId&gt;
          &lt;rateSpec type=&quot;sto.RateSpec&quot; uuid=&quot;7202bf51-9ae4-4b4b-a29f-f33967193d4a&quot;&gt;
            &lt;offset&gt;1.0&lt;/offset&gt;
            &lt;period&gt;inf&lt;/period&gt;
            &lt;rateType&gt;ModelWideInitializeEvent&lt;/rateType&gt;
          &lt;/rateSpec&gt;
        &lt;/rates&gt;
        &lt;schedulingClockId&gt;Init&lt;/schedulingClockId&gt;
        &lt;tNum&gt;1&lt;/tNum&gt;
        &lt;timeKeeperClockId&gt;ScpAp_L1SpeedMonitor::defaultTimer&lt;/timeKeeperClockId&gt;
        &lt;elementType&gt;Task&lt;/elementType&gt;
        &lt;identifier&gt;Init.ModelWideInitializeEvent&lt;/identifier&gt;
        &lt;priority&gt;-1&lt;/priority&gt;
      &lt;/rootTaskHierarchyElements&gt;
      &lt;rootTaskHierarchyElements type=&quot;sto.Task&quot; uuid=&quot;1aafc19b-abb0-4ec5-bdcd-7b897803ce72&quot;&gt;
        &lt;isExecutable&gt;true&lt;/isExecutable&gt;
        &lt;orderIndex&gt;1&lt;/orderIndex&gt;
        &lt;rates type=&quot;sto.ClassicPeriodicDiscreteRate&quot; uuid=&quot;51ddbeb4-6e60-47d0-9238-15851d00b2d0&quot;&gt;
          &lt;annotation&gt;D1&lt;/annotation&gt;
          &lt;clockId&gt;ScpAp_L1SpeedMonitor::defaultTimer&lt;/clockId&gt;
          &lt;description&gt;Discrete 1&lt;/description&gt;
          &lt;taskId&gt;_task0&lt;/taskId&gt;
          &lt;rateSpec type=&quot;sto.RateSpec&quot; uuid=&quot;88068777-9ca4-4b27-bd0b-0e387e3609c5&quot;&gt;
            &lt;period&gt;.01&lt;/period&gt;
            &lt;rateType&gt;ClassicPeriodicDiscrete&lt;/rateType&gt;
          &lt;/rateSpec&gt;
        &lt;/rates&gt;
        &lt;schedulingClockId&gt;ScpAp_L1SpeedMonitor::defaultTimer&lt;/schedulingClockId&gt;
        &lt;timeKeeperClockId&gt;ScpAp_L1SpeedMonitor::defaultTimer&lt;/timeKeeperClockId&gt;
        &lt;elementType&gt;Task&lt;/elementType&gt;
        &lt;identifier&gt;_task0&lt;/identifier&gt;
        &lt;priority&gt;40&lt;/priority&gt;
      &lt;/rootTaskHierarchyElements&gt;
      &lt;taskDependencyGraph type=&quot;sto.SerializedTaskConnectionList&quot; uuid=&quot;59404690-bdd8-4730-b1b3-23da12018e9f&quot;&gt;
        &lt;clockIdentifier&gt;Init&lt;/clockIdentifier&gt;
        &lt;taskIdentifier&gt;Init.ModelWideInitializeEvent&lt;/taskIdentifier&gt;
      &lt;/taskDependencyGraph&gt;
      &lt;taskDependencyGraph type=&quot;sto.SerializedTaskConnectionList&quot; uuid=&quot;bcb07d6c-66e9-41d2-9da4-c6eff50d0b15&quot;&gt;
        &lt;clockIdentifier&gt;ScpAp_L1SpeedMonitor::defaultTimer&lt;/clockIdentifier&gt;
        &lt;taskIdentifier&gt;_task0&lt;/taskIdentifier&gt;
      &lt;/taskDependencyGraph&gt;
      &lt;taskDependencyGraph type=&quot;sto.SerializedTaskConnectionList&quot; uuid=&quot;be1aaae7-66a4-40c3-9a4e-c2a77bdb9519&quot;&gt;
        &lt;clockIdentifier&gt;ParameterChangeEvent&lt;/clockIdentifier&gt;
        &lt;taskIdentifier&gt;ModelWideParameterChangeEvent&lt;/taskIdentifier&gt;
      &lt;/taskDependencyGraph&gt;
      &lt;taskPriorityDirection&gt;HighNumberLast&lt;/taskPriorityDirection&gt;
    &lt;/taskRegistry&gt;
  &lt;/sto.Registry&gt;
&lt;/slexec_sto&gt;</timingAndTaskingRegistry>
    <userSpecifiedFixedStepSize>.01</userSpecifiedFixedStepSize>
    <varSigHier>,,</varSigHier>
    <zeroInternalMemoryAtStartupUnchecked>true</zeroInternalMemoryAtStartupUnchecked>
    <FMUBlockMap type="ModelRefInfoRepo.FMUBlockInfo" uuid="bca9b127-2b6f-4498-a726-131a0926d6ad"/>
    <codeGenInfo type="ModelRefInfoRepo.CodeGenInformation" uuid="9009524a-1444-419a-a353-7d368bce29c3"/>
    <compiledVariantInfos type="ModelRefInfoRepo.CompiledVariantInfoMap" uuid="7d1ac367-aee8-46ca-813c-e5f6d70b4c2a"/>
    <configSettingsForConsistencyChecks type="ModelRefInfoRepo.ConfigSettingsForConsistencyChecks" uuid="fe725f69-88eb-4a36-8c9a-edcbf4376d97">
      <LUTObjectStructOrderEvenSpacing>1</LUTObjectStructOrderEvenSpacing>
      <consistentOutportInitialization>true</consistentOutportInitialization>
      <dateTimeAtTZero>0.0</dateTimeAtTZero>
      <dateTimeAtTZero>0.0</dateTimeAtTZero>
      <dateTimeAtTZero>0.0</dateTimeAtTZero>
      <dateTimeAtTZero>0.0</dateTimeAtTZero>
      <dateTimeAtTZero>0.0</dateTimeAtTZero>
      <dateTimeAtTZero>0.0</dateTimeAtTZero>
      <fixedStepSize>.01</fixedStepSize>
      <frameDiagnosticSetting>2</frameDiagnosticSetting>
      <hasHybridSampleTime>true</hasHybridSampleTime>
      <optimizedInitCode>true</optimizedInitCode>
      <signalLoggingSaveFormat>2</signalLoggingSaveFormat>
      <simSIMDOptimization>1</simSIMDOptimization>
      <solverName>FixedStepDiscrete</solverName>
      <solverType>SOLVER_TYPE_FIXEDSTEP</solverType>
      <hardwareSettings type="ModelRefInfoRepo.HardwareSettings" uuid="12b56a76-b9dc-4dc5-bf77-858ef917fb4d">
        <prodBitPerChar>8</prodBitPerChar>
        <prodBitPerDouble>64</prodBitPerDouble>
        <prodBitPerFloat>32</prodBitPerFloat>
        <prodBitPerInt>32</prodBitPerInt>
        <prodBitPerLong>32</prodBitPerLong>
        <prodBitPerLongLong>64</prodBitPerLongLong>
        <prodBitPerPointer>64</prodBitPerPointer>
        <prodBitPerPtrDiffT>64</prodBitPerPtrDiffT>
        <prodBitPerShort>16</prodBitPerShort>
        <prodBitPerSizeT>64</prodBitPerSizeT>
        <prodEndianess>1</prodEndianess>
        <prodShiftRight>true</prodShiftRight>
        <prodWordSize>64</prodWordSize>
      </hardwareSettings>
    </configSettingsForConsistencyChecks>
    <controllableInputRatesMap type="ModelRefInfoRepo.VarTsUIDMap" uuid="c3a0a55f-4424-49f9-bea1-50e9182993a9"/>
    <controllableOutputRatesMap type="ModelRefInfoRepo.VarTsUIDMap" uuid="8a3cb187-77bd-4881-b140-b9e5c1cbda0e"/>
    <dataPortGroup type="ModelRefInfoRepo.DataPortGroup" uuid="b0bab8a6-e115-4ea9-8394-7d0f337c8760">
      <compDataInputPorts>0</compDataInputPorts>
      <compDataInputPorts>1</compDataInputPorts>
      <compDataInputPorts>2</compDataInputPorts>
      <compDataOutputPorts>0</compDataOutputPorts>
      <compDataOutputPorts>1</compDataOutputPorts>
      <compDataOutputPorts>2</compDataOutputPorts>
      <compDataOutputPorts>3</compDataOutputPorts>
      <compDataOutputPorts>4</compDataOutputPorts>
      <compDataOutputPorts>5</compDataOutputPorts>
      <dataInputPorts>0</dataInputPorts>
      <dataInputPorts>1</dataInputPorts>
      <dataInputPorts>2</dataInputPorts>
      <dataOutputPorts>0</dataOutputPorts>
      <dataOutputPorts>1</dataOutputPorts>
      <dataOutputPorts>2</dataOutputPorts>
      <dataOutputPorts>3</dataOutputPorts>
      <dataOutputPorts>4</dataOutputPorts>
      <dataOutputPorts>5</dataOutputPorts>
    </dataPortGroup>
    <expFcnUnconnectedDataPortGroup type="ModelRefInfoRepo.DataPortGroup" uuid="f19d2c03-67bc-4ef8-bdb4-3928f7d6459c"/>
    <interfaceParameterInfo type="ModelRefInfoRepo.InterfaceParameterInfo" uuid="4920365f-6884-4bf0-8b2f-f9dd8f1d5df2">
      <globalVariables type="ModelRefInfoRepo.BuiltinParameter" uuid="ccb6ae96-3210-48ea-a924-3907d60e2a6a">
        <datatypeID>5</datatypeID>
        <dimensions>1</dimensions>
        <dimensions>1</dimensions>
        <isUsed>true</isUsed>
        <netSVCE>true</netSVCE>
        <numDimensions>2</numDimensions>
        <parameterName>WhlSpd_Max</parameterName>
      </globalVariables>
      <globalVariables type="ModelRefInfoRepo.BuiltinParameter" uuid="6c75984f-6cf8-40e5-bcf7-e7e3af0bb3e9">
        <datatypeID>5</datatypeID>
        <dimensions>1</dimensions>
        <dimensions>1</dimensions>
        <isUsed>true</isUsed>
        <netSVCE>true</netSVCE>
        <numDimensions>2</numDimensions>
        <parameterName>WhlSpd_Min</parameterName>
      </globalVariables>
    </interfaceParameterInfo>
    <messageInfo type="ModelRefInfoRepo.MessageInformation" uuid="8e7c4217-631f-47c2-91b0-bed34a61edec"/>
    <methodInfo type="ModelRefInfoRepo.MethodExistenceInfo" uuid="ab0520ba-a3e8-4cf2-97c9-7b883629fd14"/>
    <periodicEventPortUnsupportedBlockInfo type="ModelRefInfoRepo.PeriodicEventPortUnsupportedBlockInfo" uuid="72ed5678-6423-493b-b91e-3d0ef0d3999f"/>
    <portGroupsRequireSameRate type="ModelRefInfoRepo.PortGroupsRequireSameRate" uuid="5985f336-3119-46c8-8dc7-fbca86fba406">
      <DSMPortGroups type="ModelRefInfoRepo.NameToPortGroupIdxVectMap" uuid="b2b37016-d30e-43c3-bd91-ce0a8a69f868"/>
      <GlobalDSMPortGroups type="ModelRefInfoRepo.NameToPortGroupIdxVectMap" uuid="c24c6b99-c76c-41bb-bda6-c0f79b28fe47"/>
      <mergedPortGroups type="ModelRefInfoRepo.NameToPortGroupIdxVectMap" uuid="baa2b195-42c2-4002-bbb2-3571a6a230b5"/>
    </portGroupsRequireSameRate>
    <rateBasedMdlGlobalDSMRateSpec type="ModelRefInfoRepo.GlobalDSMRateSpecMap" uuid="451bbe11-d78a-49ac-9f10-7e94f1fbfefb"/>
    <rateSpecOfGlobalDSMAccessedByDescExpFcnMdlMap type="ModelRefInfoRepo.GlobalDSMRateSpecMap" uuid="06ca40af-074a-4a18-9e34-17ff4f1f9db9"/>
    <rootBlockDiagramInterface type="ci.Model" uuid="211da80a-e1ba-43ba-a13c-48ac6ed3ec0c">
      <p_RootComponentInterface type="ci.ComponentInterface" uuid="6e0f7942-5ab5-4c95-b68b-895380441a9b">
        <p_InputPorts type="ci.SignalInterface" uuid="792a331b-82c4-4f0f-be92-99adbd6c0dde">
          <p_ComputedNumericDimensions>1.0</p_ComputedNumericDimensions>
          <p_ComputedSampleTime>.01</p_ComputedSampleTime>
          <p_ComputedSampleTime>0.0</p_ComputedSampleTime>
          <p_ComputedType>SG_mVcuImuLinAccel_IDT</p_ComputedType>
          <p_Name>RP_SCpAPSG_mVcuImuLinAccel_SG_mVcuImuLinAccel_VDP</p_Name>
        </p_InputPorts>
        <p_InputPorts type="ci.SignalInterface" uuid="904364c4-80f0-45fb-8f4e-7f92ced5e6d6">
          <p_ComputedNumericDimensions>1.0</p_ComputedNumericDimensions>
          <p_ComputedSampleTime>.01</p_ComputedSampleTime>
          <p_ComputedSampleTime>0.0</p_ComputedSampleTime>
          <p_ComputedType>SG_mEbcm2L_WhlSpd_IDT_E2E</p_ComputedType>
          <p_Name>RP_SCpApVmEbcm2LRx_SG_mEbcm2L_WhlSpd_SG_mEbcm2L_WhlSpd</p_Name>
        </p_InputPorts>
        <p_InputPorts type="ci.SignalInterface" uuid="eb595af4-3a43-465c-a177-6d6eb84af0c7">
          <p_ComputedNumericDimensions>1.0</p_ComputedNumericDimensions>
          <p_ComputedSampleTime>.01</p_ComputedSampleTime>
          <p_ComputedSampleTime>0.0</p_ComputedSampleTime>
          <p_ComputedType>SG_mWhdStat_IDT_E2E</p_ComputedType>
          <p_Name>RP_SCpApVmRx_SG_mWhdStat_SG_mWhdStat</p_Name>
        </p_InputPorts>
        <p_Name>ScpAp_L1SpeedMonitor</p_Name>
        <p_OutputPorts type="ci.SignalInterface" uuid="1458cbb2-790e-4bc6-9100-ea6755ecba42">
          <p_ComputedNumericDimensions>1.0</p_ComputedNumericDimensions>
          <p_ComputedSampleTime>.01</p_ComputedSampleTime>
          <p_ComputedSampleTime>0.0</p_ComputedSampleTime>
          <p_ComputedType>single</p_ComputedType>
          <p_Name>PP_IMU_AccelX_L1_IF_IMU_AccelX_L1p</p_Name>
        </p_OutputPorts>
        <p_OutputPorts type="ci.SignalInterface" uuid="cab73a4f-058a-49ca-88af-fc18522f345d">
          <p_ComputedNumericDimensions>1.0</p_ComputedNumericDimensions>
          <p_ComputedSampleTime>.01</p_ComputedSampleTime>
          <p_ComputedSampleTime>0.0</p_ComputedSampleTime>
          <p_ComputedType>uint8</p_ComputedType>
          <p_Name>PP_MotorSpeed_L1p_IF_MotorSpeed_L1p</p_Name>
        </p_OutputPorts>
        <p_OutputPorts type="ci.SignalInterface" uuid="b6aaafda-f964-497a-abc9-978c2ffc45e6">
          <p_ComputedNumericDimensions>1.0</p_ComputedNumericDimensions>
          <p_ComputedSampleTime>.01</p_ComputedSampleTime>
          <p_ComputedSampleTime>0.0</p_ComputedSampleTime>
          <p_ComputedType>IF_ValidityFlag_L1p_IDT</p_ComputedType>
          <p_Name>PP_ValidityFlag_L1p_IF_ValidityFlag_L1p</p_Name>
        </p_OutputPorts>
        <p_OutputPorts type="ci.SignalInterface" uuid="b7fbccb5-1631-4448-9059-23e2802dd1d3">
          <p_ComputedNumericDimensions>1.0</p_ComputedNumericDimensions>
          <p_ComputedSampleTime>.01</p_ComputedSampleTime>
          <p_ComputedSampleTime>0.0</p_ComputedSampleTime>
          <p_ComputedType>uint16</p_ComputedType>
          <p_Name>PP_Wheelspeed_FL_L1p_IF_Wheelspeed_Fx_L1p</p_Name>
        </p_OutputPorts>
        <p_OutputPorts type="ci.SignalInterface" uuid="2ebb938e-25ec-4eac-8373-1734b4d77030">
          <p_ComputedNumericDimensions>1.0</p_ComputedNumericDimensions>
          <p_ComputedSampleTime>.01</p_ComputedSampleTime>
          <p_ComputedSampleTime>0.0</p_ComputedSampleTime>
          <p_ComputedType>uint16</p_ComputedType>
          <p_Name>PP_Wheelspeed_FR_L1p_IF_Wheelspeed_Fx_L1p</p_Name>
        </p_OutputPorts>
        <p_OutputPorts type="ci.SignalInterface" uuid="651ed902-76ff-4c4d-b4da-bdf5fac75a5b">
          <p_ComputedNumericDimensions>1.0</p_ComputedNumericDimensions>
          <p_ComputedSampleTime>.01</p_ComputedSampleTime>
          <p_ComputedSampleTime>0.0</p_ComputedSampleTime>
          <p_ComputedType>uint16</p_ComputedType>
          <p_Name>PP_Wheelspeed_R_L1p_IF_Wheelspeed_Fx_L1p</p_Name>
        </p_OutputPorts>
        <p_Type>ROOT</p_Type>
      </p_RootComponentInterface>
    </rootBlockDiagramInterface>
    <simulinkFunctions type="ModelRefInfoRepo.SimulinkFunctions" uuid="6cea9731-2ad9-4622-867f-b80105af018b">
      <compSimulinkFunctionCatalog></compSimulinkFunctionCatalog>
    </simulinkFunctions>
    <sltpContext type="sltp.mm.core.Context" uuid="3702a3d2-4d4e-4d85-abca-36c1b7112cd9">
      <globalData type="sltp.mm.core.GlobalData" uuid="6d9b3af0-0bdb-4634-a1c4-85b0cbd6b278">
        <dataName>portPP_IMU_AccelX_L1_IF_IMU_AccelX_L1p</dataName>
        <type>RootOutport</type>
      </globalData>
      <globalData type="sltp.mm.core.GlobalData" uuid="4b7929ed-b777-4c8a-b0ae-9cdac8779cd3">
        <dataName>portPP_MotorSpeed_L1p_IF_MotorSpeed_L1p</dataName>
        <type>RootOutport</type>
      </globalData>
      <globalData type="sltp.mm.core.GlobalData" uuid="c62d6916-e9ab-47e0-a691-4eda1b820262">
        <dataName>portPP_ValidityFlag_L1p_IF_ValidityFlag_L1p</dataName>
        <type>RootOutport</type>
      </globalData>
      <globalData type="sltp.mm.core.GlobalData" uuid="b7af95ad-239f-4ee8-8b53-76bc879a51cf">
        <dataName>portPP_Wheelspeed_FL_L1p_IF_Wheelspeed_Fx_L1p</dataName>
        <type>RootOutport</type>
      </globalData>
      <globalData type="sltp.mm.core.GlobalData" uuid="413d226a-987b-4c55-998b-103961e62628">
        <dataName>portPP_Wheelspeed_FR_L1p_IF_Wheelspeed_Fx_L1p</dataName>
        <type>RootOutport</type>
      </globalData>
      <globalData type="sltp.mm.core.GlobalData" uuid="66b4a704-3bde-48ee-a836-0251ec168d45">
        <dataName>portPP_Wheelspeed_R_L1p_IF_Wheelspeed_Fx_L1p</dataName>
        <type>RootOutport</type>
      </globalData>
      <globalData type="sltp.mm.core.GlobalData" uuid="911e18ee-66a7-45ca-ac9c-520e09468527">
        <dataName>portRP_SCpAPSG_mVcuImuLinAccel_SG_mVcuImuLinAccel_VDP</dataName>
        <type>RootInport</type>
      </globalData>
      <globalData type="sltp.mm.core.GlobalData" uuid="c7acdb67-3ec2-4685-a30c-8be839b5675a">
        <dataName>portRP_SCpApVmEbcm2LRx_SG_mEbcm2L_WhlSpd_SG_mEbcm2L_WhlSpd</dataName>
        <type>RootInport</type>
      </globalData>
      <globalData type="sltp.mm.core.GlobalData" uuid="05b3ceae-5a2a-46b8-89cd-bf2671c7f5ca">
        <dataName>portRP_SCpApVmRx_SG_mWhdStat_SG_mWhdStat</dataName>
        <type>RootInport</type>
      </globalData>
      <priorityDirection>HighNumberLast</priorityDirection>
      <defaultBarrierBehavior type="sltp.mm.core.BarrierBehavior" uuid="27a05158-50ca-4e39-932e-ea1fef309915"/>
      <defaultEventBehavior type="sltp.mm.core.EventBehavior" uuid="8be81a7c-eeba-4568-9466-ba325f37246c"/>
      <editorState type="sltp.mm.core.EditorState" uuid="9abe86bb-b7fa-46b7-981a-86dfbd30c3b3">
        <isSynchronized>true</isSynchronized>
        <panelState type="sltp.mm.core.EditorPanelState" uuid="defbe651-c9d5-4ebd-849c-bfddba38e70a"/>
      </editorState>
      <rootTask type="sltp.mm.core.Task" uuid="12246d02-443f-42bf-8348-226b0122b384">
        <context type="sltp.mm.core.Context" uuid="3702a3d2-4d4e-4d85-abca-36c1b7112cd9"/>
        <explicit>false</explicit>
        <name>Default</name>
        <priority>-2147483648</priority>
        <subgraph type="sltp.mm.core.Graph" uuid="3e5fa0fd-c7fa-4a3f-881a-a0371c26f1c7">
          <tasks type="sltp.mm.core.Task" uuid="33086287-71d6-488f-a714-e8dcbb7720aa">
            <context type="sltp.mm.core.Context" uuid="3702a3d2-4d4e-4d85-abca-36c1b7112cd9"/>
            <explicit>false</explicit>
            <id>1</id>
            <isTimed>true</isTimed>
            <name>D1</name>
            <priority>40</priority>
            <rates type="sltp.mm.core.Rate" uuid="1fa50b8b-7563-491a-91a4-638a3f2e7f36">
              <annotation>D1</annotation>
              <color>-12240129</color>
              <hasBlocks>true</hasBlocks>
              <identifier>ClassicPeriodicDiscrete0.010</identifier>
              <rateIndex>0</rateIndex>
              <rateSpec type="sltp.mm.core.RateSpec">
                <period>.01</period>
              </rateSpec>
              <sti>0</sti>
            </rates>
          </tasks>
        </subgraph>
      </rootTask>
    </sltpContext>
    <stateWriterToOwnerMap type="ModelRefInfoRepo.StateWriterInfo" uuid="add6e6bb-0145-4140-af78-68f58ce6b116"/>
    <stoClientDataRegistry type="sto.ClientDataRegistry" uuid="ce84ed33-38a5-4a94-9ced-50a2882b5ee7">
      <dataSets type="sto.ClientClockNamedDataSet" uuid="28a18118-698d-4e36-84f7-b515b8009e0f">
        <tag>sltpEvents</tag>
      </dataSets>
      <dataSets type="sto.ClientTaskHierarchyElementNamedDataSet" uuid="68d4ca82-e25c-4a8c-b511-248159226788">
        <tag>sltpTaskGroups</tag>
      </dataSets>
      <dataSets type="sto.ClientTaskHierarchyElementNamedDataSet" uuid="494d1e0e-4772-4aca-b36d-d34afb921698">
        <dSet type="ModelRefInfoRepo.SltpTaskData" uuid="3c119da0-3aa1-4b6f-9bfd-5e123cf2bbd0"/>
        <tSet type="ModelRefInfoRepo.SltpTaskData" uuid="3c119da0-3aa1-4b6f-9bfd-5e123cf2bbd0">
          <dataName>D1</dataName>
          <linkedSet type="sto.ClientTaskHierarchyElementNamedDataSet" uuid="494d1e0e-4772-4aca-b36d-d34afb921698"/>
          <id type="sto.TaskHierarchyElementId">
            <clockId>ScpAp_L1SpeedMonitor::defaultTimer</clockId>
            <id>_task0</id>
          </id>
        </tSet>
        <tag>sltpTasks</tag>
      </dataSets>
    </stoClientDataRegistry>
    <varTsUIDMap type="ModelRefInfoRepo.VarTsUIDMap" uuid="64d656b4-1da4-4b8c-a07b-4253f169bef4"/>
  </ModelRefInfoRepo.ModelRefInfoRoot>
</MF0>